cat_product,id_cat,id_product,name_product,price_product,url_product
Machine multifonction,category-1566,B8117900,Outil multifonctions filaire – TE-MG 350 EQ – 350 W – LED – Fixation rapide – Aspiration poussières – E-Box Basic,81.05,https://www.centrale-brico.com/einhell-outil-multifonctions-filaire-te-mg-350-eq-350-w-led-fixation-rapide-aspiration-poussieres-e-box-basic-b8117900
Machine multifonction,category-1566,B4498600,Outil multifonction sans fil – GE-HC 18 Li T – Taille-haies et élagueuse sur perche – 18 V - sans batterie ni chargeur,142.82,https://www.centrale-brico.com/einhell-outil-multifonction-sans-fil-ge-hc-18-li-t-taille-haies-et-elagueuse-sur-perche-18-v-sans-batterie-ni-chargeur-b4498600
Machine multifonction,category-1566,B7984500,Outil multifonction sans fil – TC-MG 18 Li-Solo – 18 V – Power X-Change,54.91,https://www.centrale-brico.com/einhell-outil-multifonction-sans-fil-tc-mg-18-li-solo-18-v-power-x-change-b7984500
Machine multifonction,category-1566,B4502900,Outil multifonctions sans fil – TE-MG 18 Li Solo – 18 V – Variateur électronique – Sans batterie ni chargeur,73.74,https://www.centrale-brico.com/einhell-outil-multifonctions-sans-fil-te-mg-18-li-solo-18-v-variateur-electronique-sans-batterie-ni-chargeur-b4502900
Machine multifonction,category-1566,B8258700,Outil multifonction sans fil – TP-MG 18 Li BL-Solo – 18 V – Brushless – Power X-Change Professional - sans batterie ni chargeur,117.50,https://www.centrale-brico.com/einhell-outil-multifonction-sans-fil-tp-mg-18-li-bl-solo-18-v-brushless-power-x-change-professional-sans-batterie-ni-chargeur-b8258700
Machine multifonction,category-1566,B8321700,Déclencheur automatique d'aspirateur  -  230V / 50Hz,87.03,https://www.centrale-brico.com/holzmann-declencheur-automatique-d-aspirateur-230v-50hz-b8321700
Machine multifonction,category-1566,B8002800,"Outil multifonctions Starter-Set « Classic », 7 pièces",38.85,https://www.centrale-brico.com/metabo-outil-multifonctions-starter-set-classic-7-pieces-b8002800
Machine multifonction,category-1566,B8293800,Machine d'assemblage de cadres - 600W - 230 V / 50 Hz,565.74,https://www.centrale-brico.com/holzmann-machine-d-assemblage-de-cadres-600w-230-v-50-hz-b8293800
Machine multifonction,category-1566,B8562500,"Outil multifonction sans fil – TE-MG 18/1 Li-Solo – 18 V – 3,2° – Power X-Change - sans batterie ni chargeur",67.88,https://www.centrale-brico.com/einhell-outil-multifonction-sans-fil-te-mg-181-li-solo-18-v-32-power-x-change-sans-batterie-ni-chargeur-b8562500
Machine multifonction,category-1566,B8118000,Outil multifonctions filaire – TC-MG 250 CE – 250 W – Variateur électronique – Fixation magnétique – Aspiration poussières,54.29,https://www.centrale-brico.com/einhell-outil-multifonctions-filaire-tc-mg-250-ce-250-w-variateur-electronique-fixation-magnetique-aspiration-poussieres-b8118000
Machine multifonction,category-1566,B8285700,Mortaiseuse à bédane - 750W - 230V,1.407.49,https://www.centrale-brico.com/holzmann-mortaiseuse-a-bedane-750w-230v-b8285700
Machine multifonction,category-1566,B8294900,Rouleuse manuelle,707.67,https://www.centrale-brico.com/holzmann-rouleuse-manuelle-b8294900
Machine multifonction,category-1566,B8296400,Encocheuse manuelle d´établi,664.75,https://www.centrale-brico.com/holzmann-encocheuse-manuelle-detabli-b8296400
Machine multifonction,category-1566,B6791200,"Outil multifonctions 18 V MT 18 LTX - Pick+Mix (sans batterie), coffret Metabox avec accessoires",194.11,https://www.centrale-brico.com/metabo-outil-multifonctions-18-v-mt-18-ltx-pickmix-sans-batterie-coffret-metabox-avec-accessoires-b6791200
Machine multifonction,category-1566,B6791400,"Outil multifonctions 18 V MT 18 LTX BL QSL - Pick+Mix (sans batterie), coffret Metabox",237.56,https://www.centrale-brico.com/metabo-outil-multifonctions-18-v-mt-18-ltx-bl-qsl-pickmix-sans-batterie-coffret-metabox-b6791400
Machine multifonction,category-1566,B6796100,"Adaptateur 14,4-18 V PA 14,4-18 LED-USB - Pick+Mix (sans batterie)",45.42,https://www.centrale-brico.com/metabo-adaptateur-144-18-v-pa-144-18-led-usb-pickmix-sans-batterie-b6796100
Machine multifonction,category-1566,B6796200,Radio chargeur 12-18 V R 12-18 BT - Pick+Mix (sans batterie),91.66,https://www.centrale-brico.com/metabo-radio-chargeur-12-18-v-r-12-18-bt-pickmix-sans-batterie-b6796200
Machine multifonction,category-1566,B6796300,Radio chargeur 12-18 V R 12-18 DAB BT - Pick+Mix (sans batterie),110.16,https://www.centrale-brico.com/metabo-radio-chargeur-12-18-v-r-12-18-dab-bt-pickmix-sans-batterie-b6796300
Machine multifonction,category-1566,B6812500,Marteau multi-fonction SDS Plus UHE 2660-2 Quick - Coffret Metabox + 2ème mandrin quick,249.96,https://www.centrale-brico.com/metabo-marteau-multi-fonction-sds-plus-uhe-2660-2-quick-coffret-metabox-2eme-mandrin-quick-b6812500
Machine multifonction,category-1566,B6812600,Marteau multi-fonction SDS Plus UHEV 2860-2 Quick - Coffret Metabox + 2ème mandrin quick,297.62,https://www.centrale-brico.com/metabo-marteau-multi-fonction-sds-plus-uhev-2860-2-quick-coffret-metabox-2eme-mandrin-quick-b6812600
Machine multifonction,category-1566,B6817200,"Pistolet à air chaud HG 16-500 - 1600W - Débit d'air 240/450 l/min - 0,6 kg",75.75,https://www.centrale-brico.com/metabo-pistolet-a-air-chaud-hg-16-500-1600w-debit-d-air-240450-lmin-06-kg-b6817200
Machine multifonction,category-1566,B6817400,"Pistolet à air chaud HG 20-600 - 2000W - Débit d'air 150/500 l/min - 0,62 kg",124.18,https://www.centrale-brico.com/metabo-pistolet-a-air-chaud-hg-20-600-2000w-debit-d-air-150500-lmin-062-kg-b6817400
Machine multifonction,category-1566,B6817500,"Pistolet à air chaud HG 20-600 - 2000W - Débit d'air 150/500 l/min - 0,62 kg - Coffret Metabox",133.08,https://www.centrale-brico.com/metabo-pistolet-a-air-chaud-hg-20-600-2000w-debit-d-air-150500-lmin-062-kg-coffret-metabox-b6817500
Machine multifonction,category-1566,B6817700,"Pistolet à air chaud HG 23-650 LCD - 2300W - Débit d'air 150/500 l/min - 0,7 kg - Coffret Metabox",180.24,https://www.centrale-brico.com/metabo-pistolet-a-air-chaud-hg-23-650-lcd-2300w-debit-d-air-150500-lmin-07-kg-coffret-metabox-b6817700
Machine multifonction,category-1566,B6817900,"Pistolet à air chaud HGS 22-630 - 2200W - Débit d'air 150/500 l/min - 0,65 kg - Coffret Metabox",170.99,https://www.centrale-brico.com/metabo-pistolet-a-air-chaud-hgs-22-630-2200w-debit-d-air-150500-lmin-065-kg-coffret-metabox-b6817900
Machine multifonction,category-1566,B6818000,Pistolet à colle KE 3000 - 18 g/min - Temps de chauffage 6 min,75.75,https://www.centrale-brico.com/metabo-pistolet-a-colle-ke-3000-18-gmin-temps-de-chauffage-6-min-b6818000
Machine multifonction,category-1566,B7276700,"Set de 4 outils multifonctions pour le carrelage (1 râpe, 2 lames de scie, 1 grattoir)",21.04,https://www.centrale-brico.com/kwb-by-einhell-set-de-4-outils-multifonctions-pour-le-carrelage-1-rape-2-lames-de-scie-1-grattoir-b7276700
Machine multifonction,category-1566,B7276900,"Set de 17 outils multifonctions pour bois, métal et plastique (12 abrasifs et 5 lames)",31.33,https://www.centrale-brico.com/kwb-by-einhell-set-de-17-outils-multifonctions-pour-bois-metal-et-plastique-12-abrasifs-et-5-lames-b7276900
Machine multifonction,category-1566,B8002700,"Grattoir rigide HCS, 52 mm",22.93,https://www.centrale-brico.com/metabo-grattoir-rigide-hcs-52-mm-b8002700
Machine multifonction,category-1566,B8276400,Rouleuse motorisée - 750W - 400V,3.154.25,https://www.centrale-brico.com/holzmann-rouleuse-motorisee-750w-400v-b8276400
Rabot,category-1563,B4279600,Rabot électrique – TC-PL 750 – 750 W – Largeur de rabotage 82 mm – Profondeur 2 mm,54.69,https://www.centrale-brico.com/einhell-rabot-electrique-tc-pl-750-750-w-largeur-de-rabotage-82-mm-profondeur-2-mm-b4279600
Rabot,category-1563,B5575300,Rabot sans fil TE-PL 18/82 Li - Solo - sans batterie,101.20,https://www.centrale-brico.com/einhell-rabot-sans-fil-te-pl-1882-li-solo-sans-batterie-b5575300
Rabot,category-1563,B7478500,"Rabot Tôle Fischer Darex, 34 Mm",10.77,https://www.centrale-brico.com/fischer-darex-rabot-tole-fischer-darex-34-mm-b7478500
Rabot,category-1563,B8563500,Raboteuse sans fil  TP-PL 18/3 Li BL - Solo,151.22,https://www.centrale-brico.com/einhell-raboteuse-sans-fil-tp-pl-183-li-bl-solo-b8563500
Rabot,category-1563,B8950700,"Rabot électrique TE-PL 920 - 920W - passe 3,5mm - largeur 82mm - semelle alu - butée parallèle",109.26,https://www.centrale-brico.com/einhell-rabot-electrique-te-pl-920-920w-passe-35mm-largeur-82mm-semelle-alu-butee-parallele-b8950700
Rabot,category-1563,B6793100,"Rabot 18 V HO 18 LTX 20-82 - Pick+Mix (sans batterie), coffret Metabox",246.77,https://www.centrale-brico.com/metabo-rabot-18-v-ho-18-ltx-20-82-pickmix-sans-batterie-coffret-metabox-b6793100
Rabot,category-1563,B6822900,Raboteuse de chantier DH 330 - 1800 W,544.79,https://www.centrale-brico.com/metabo-raboteuse-de-chantier-dh-330-1800-w-b6822900
Rabot,category-1563,B6823000,"Raboteuse dégauchisseuse HC 260 C Moteur induction, mono 2,0Kw",1.009.56,https://www.centrale-brico.com/metabo-raboteuse-degauchisseuse-hc-260-c-moteur-induction-mono-20kw-b6823000
Rabot,category-1563,B7476500,"Rabot De Menuisier En Tôle Fischer Darex, L.230 Mm",24.32,https://www.centrale-brico.com/fischer-darex-rabot-de-menuisier-en-tole-fischer-darex-l230-mm-b7476500
Rabot,category-1563,B8350500,Dégauchisseuse-raboteuse - 1250 W,372.07,https://www.centrale-brico.com/zipper-degauchisseuse-raboteuse-1250-w-b8350500
Rabot,category-1563,B8350600,Dégauchisseuse-raboteuse - 1500 W,611.17,https://www.centrale-brico.com/zipper-degauchisseuse-raboteuse-1500-w-b8350600
Rabot,category-1563,B9069100,Dégauchisseuse – AHM410SMW2_230V – 410 mm – Arbre hélicoïdal – Moteur 3000 W – Tables 2000 mm,3.175.11,https://www.centrale-brico.com/holzmann-degauchisseuse-ahm410smw2230v-410-mm-arbre-helicoidal-moteur-3000-w-tables-2000-mm-b9069100
Rabot,category-1563,B9069200,Dégauchisseuse – AHM410SMW2_400V – 410 mm – Arbre hélicoïdal – Moteur 4000 W – Tables 2000 mm,2.949.87,https://www.centrale-brico.com/holzmann-degauchisseuse-ahm410smw2400v-410-mm-arbre-helicoidal-moteur-4000-w-tables-2000-mm-b9069200
Défonceuse,category-1564,B45900,Défonceuse électrique RT-RO 55,91.50,https://www.centrale-brico.com/einhell-defonceuse-electrique-rt-ro-55-b45900
Défonceuse,category-1564,B7984600,Défonceuse sans fil – TP-RO 18 Li BL-Solo – 18 V – Brushless – 10 000 à 30 000 tr/min – Course 30 mm – Power X-Change,144.75,https://www.centrale-brico.com/einhell-defonceuse-sans-fil-tp-ro-18-li-bl-solo-18-v-brushless-10-000-a-30-000-trmin-course-30-mm-power-x-change-b7984600
Défonceuse,category-1564,B1305400,Défonceuse – TC-RO 1155 E – 1100 W – Vitesse variable – Course 55 mm,67.00,https://www.centrale-brico.com/einhell-defonceuse-tc-ro-1155-e-1100-w-vitesse-variable-course-55-mm-b1305400
Machine multifonction,category-1566,B8278300,Mortaiseuse à méches - 2200W - 400V,2.520.81,https://www.centrale-brico.com/holzmann-mortaiseuse-a-meches-2200w-400v-b8278300
Machine multifonction,category-1566,B8282300,Mortaiseuse à méches + table - 3000W - 230V,1.876.24,https://www.centrale-brico.com/holzmann-mortaiseuse-a-meches-table-3000w-230v-b8282300
Machine multifonction,category-1566,B8287500,Machine d'assemblage de cadres double - 600 W - 230 V / 50 Hz,1.008.96,https://www.centrale-brico.com/holzmann-machine-d-assemblage-de-cadres-double-600-w-230-v-50-hz-b8287500
Machine multifonction,category-1566,B8287600,Mortaiseuse à méches - 2200W - 230V,1.114.97,https://www.centrale-brico.com/holzmann-mortaiseuse-a-meches-2200w-230v-b8287600
Machine multifonction,category-1566,B8287700,Mortaiseuse à méches - 2200W - 400V,1.133.63,https://www.centrale-brico.com/holzmann-mortaiseuse-a-meches-2200w-400v-b8287700
Machine multifonction,category-1566,B8290200,"Machine à étirer les rouleaux Holzmann, gorge : 690 mm",1.077.10,https://www.centrale-brico.com/holzmann-machine-a-etirer-les-rouleaux-holzmann-gorge-690-mm-b8290200
Machine multifonction,category-1566,B8290600,"Perceuse à charnières pneumatique de type ""BLUM"" D. 35 mm - 230V - 750W",1.004.07,https://www.centrale-brico.com/holzmann-perceuse-a-charnieres-pneumatique-de-type-blum-d-35-mm-230v-750w-b8290600
Machine multifonction,category-1566,B8290700,Mortaiseuse à bédane - 750W - 230V,967.97,https://www.centrale-brico.com/holzmann-mortaiseuse-a-bedane-750w-230v-b8290700
Machine multifonction,category-1566,B8291400,Machine d'assemblage de cadres double  - 600W - 230 V / 50 Hz,784.84,https://www.centrale-brico.com/holzmann-machine-d-assemblage-de-cadres-double-600w-230-v-50-hz-b8291400
Machine multifonction,category-1566,B8292400,Machine d'étirage de rouleaux Holzmann,820.19,https://www.centrale-brico.com/holzmann-machine-d-etirage-de-rouleaux-holzmann-b8292400
Machine multifonction,category-1566,B8293500,Dispositif de pivotement de panneaux - Cadre de montage sur plaque,720.97,https://www.centrale-brico.com/holzmann-dispositif-de-pivotement-de-panneaux-cadre-de-montage-sur-plaque-b8293500
Machine multifonction,category-1566,B8293600,Découpeur PLASMA INVERTER - 230 V - 6 Kva - 40A,632.86,https://www.centrale-brico.com/holzmann-decoupeur-plasma-inverter-230-v-6-kva-40a-b8293600
Machine multifonction,category-1566,B8293700,Machine a charnieres - 750W - 230V 50Hz,723.24,https://www.centrale-brico.com/holzmann-machine-a-charnieres-750w-230v-50hz-b8293700
Machine multifonction,category-1566,B8297900,Mortaiseuse pour dégauchisseuse HOB305PRO + mandrin,532.00,https://www.centrale-brico.com/holzmann-mortaiseuse-pour-degauchisseuse-hob305pro-mandrin-b8297900
Machine multifonction,category-1566,B8299500,Mortaiseuse pour dégauchisseuse HOB260NL ou ECO + mandrin,440.30,https://www.centrale-brico.com/holzmann-mortaiseuse-pour-degauchisseuse-hob260nl-ou-eco-mandrin-b8299500
Machine multifonction,category-1566,B8302000,Palan électrique 1600 W - 230 V - charge max 1000 kg,377.85,https://www.centrale-brico.com/holzmann-palan-electrique-1600-w-230-v-charge-max-1000-kg-b8302000
Machine multifonction,category-1566,B8303700,Rouleuse manuelle,377.49,https://www.centrale-brico.com/holzmann-rouleuse-manuelle-b8303700
Machine multifonction,category-1566,B8306800,Encocheuse manuelle de tubes,265.57,https://www.centrale-brico.com/holzmann-encocheuse-manuelle-de-tubes-b8306800
Machine multifonction,category-1566,B8309300,Encocheuse manuelle de tubes,253.68,https://www.centrale-brico.com/holzmann-encocheuse-manuelle-de-tubes-b8309300
Machine multifonction,category-1566,B8312600,Palan électrique - 900 W - 230 V - charge max 500 kg,164.88,https://www.centrale-brico.com/holzmann-palan-electrique-900-w-230-v-charge-max-500-kg-b8312600
Machine multifonction,category-1566,B8313300,Satineuse - 800W - 230V / 50Hz,155.98,https://www.centrale-brico.com/holzmann-satineuse-800w-230v-50hz-b8313300
Machine multifonction,category-1566,B8314800,Outils tournage,138.53,https://www.centrale-brico.com/holzmann-outils-tournage-b8314800
Machine multifonction,category-1566,B8316200,Boîtier de démarrage synchronisé 400V / 230 V,121.37,https://www.centrale-brico.com/holzmann-boitier-de-demarrage-synchronise-400v-230-v-b8316200
Machine multifonction,category-1566,B8317800,Palan électrique - 500 W - 230 V charge max - 250 kg,136.46,https://www.centrale-brico.com/holzmann-palan-electrique-500-w-230-v-charge-max-250-kg-b8317800
Machine multifonction,category-1566,B8320100,Machine à entailler les tubes - 60° - manuelle,107.18,https://www.centrale-brico.com/holzmann-machine-a-entailler-les-tubes-60-manuelle-b8320100
Machine multifonction,category-1566,B8321800,Défonceuse - 1200W - 230V / 50Hz,87.03,https://www.centrale-brico.com/holzmann-defonceuse-1200w-230v-50hz-b8321800
Machine multifonction,category-1566,B8329100,Decapeur thermique - 2000W - 230V / 50Hz,60.20,https://www.centrale-brico.com/holzmann-decapeur-thermique-2000w-230v-50hz-b8329100
Machine multifonction,category-1566,B8330300,Pistolet à souder - 200WW - 230V / 50Hz,49.27,https://www.centrale-brico.com/holzmann-pistolet-a-souder-200ww-230v-50hz-b8330300
Machine multifonction,category-1566,B8334800,Nettoyeur diamant en T pour meules,43.27,https://www.centrale-brico.com/holzmann-nettoyeur-diamant-en-t-pour-meules-b8334800
Machine multifonction,category-1566,86131,Changeur de pneus avce mâchoires en acier - 400 V,2.685.37,https://www.centrale-brico.com/zipper-changeur-de-pneus-avce-machoires-en-acier-400-v-j8352800
Machine multifonction,category-1566,86174,Plumeuse rotative de volaille - 1000 W,536.51,https://www.centrale-brico.com/zipper-plumeuse-rotative-de-volaille-1000-w-j8357100
Machine multifonction,category-1566,86175,Plumeuse rotative de volaille - 550 W,373.26,https://www.centrale-brico.com/zipper-plumeuse-rotative-de-volaille-550-w-j8357200
Machine multifonction,category-1566,86180,Plumeuse rotative de volaille - 1300 W,651.87,https://www.centrale-brico.com/zipper-plumeuse-rotative-de-volaille-1300-w-j8357700
Machine multifonction,category-1566,B8848300,"Tarière EB 2000 [2,0 PS] - 2 temps - 51,7 cm³ - 1,2 L - inclus foret 100 mm",274.75,https://www.centrale-brico.com/bergtectool-tariere-eb-2000-20-ps-2-temps-517-cm-12-l-inclus-foret-100-mm-b8848300
Machine multifonction,category-1566,B8848700,"Cisaille électrique Power - Li-ion 3,6 V - TPS 36-15",77.11,https://www.centrale-brico.com/bergtectool-cisaille-electrique-power-li-ion-36-v-tps-36-15-b8848700
Machine multifonction,category-1566,B9002500,"Outil multifonction thermique – MT 330 5-en-1 – 25,4 cm³ – débroussailleuse coupe-bordures, taille-haies, élagueuse",350.43,https://www.centrale-brico.com/stiga-outil-multifonction-thermique-mt-330-5-en-1-254-cm-debroussailleuse-coupe-bordures-taille-haies-elagueuse-b9002500
