id_cat,name_cat,url_cat
category-5020,Electroportatif,https://www.centrale-brico.com/electroportatif
category-5021,Autre outil électroportatif,https://www.centrale-brico.com/electroportatif/autre-outil-electroportatif
category-1566,Machine multifonction,https://www.centrale-brico.com/electroportatif/autre-outil-electroportatif/machine-multifonction
category-1563,Rabot,https://www.centrale-brico.com/electroportatif/autre-outil-electroportatif/rabot
category-1564,Défonceuse,https://www.centrale-brico.com/electroportatif/autre-outil-electroportatif/defonceuse
category-1565,Mélangeur-Turbine,https://www.centrale-brico.com/electroportatif/autre-outil-electroportatif/melangeur-turbine
category-1567,Pistolet à peinture,https://www.centrale-brico.com/electroportatif/autre-outil-electroportatif/pistolet-a-peinture
category-1568,Découpeur,https://www.centrale-brico.com/electroportatif/autre-outil-electroportatif/decoupeur
category-1569,Décapeur,https://www.centrale-brico.com/electroportatif/autre-outil-electroportatif/decapeur
category-1570,Décolleuse,https://www.centrale-brico.com/electroportatif/autre-outil-electroportatif/decolleuse
category-1571,Aspirateur,https://www.centrale-brico.com/electroportatif/autre-outil-electroportatif/aspirateur
category-1572,Spatule,https://www.centrale-brico.com/electroportatif/autre-outil-electroportatif/spatule
category-1573,Fraise à lamelle,https://www.centrale-brico.com/electroportatif/autre-outil-electroportatif/fraise-a-lamelle
category-1574,Rainureuse,https://www.centrale-brico.com/electroportatif/autre-outil-electroportatif/rainureuse
category-1575,Chargeur-Batterie,https://www.centrale-brico.com/electroportatif/autre-outil-electroportatif/chargeur-batterie
category-5022,Equipement stationnaire,https://www.centrale-brico.com/electroportatif/equipement-stationnaire
category-1584,Accessoires compresseur,https://www.centrale-brico.com/electroportatif/equipement-stationnaire/accessoires-compresseur
category-1703,Machine à bois,https://www.centrale-brico.com/electroportatif/equipement-stationnaire/machine-a-bois
category-1576,Coupe carrelage,https://www.centrale-brico.com/electroportatif/equipement-stationnaire/coupe-carrelage
category-1577,Tour-Touret- Rabot,https://www.centrale-brico.com/electroportatif/equipement-stationnaire/tour-touret--rabot
category-1578,Perceuse à colonne,https://www.centrale-brico.com/electroportatif/equipement-stationnaire/perceuse-a-colonne
category-1579,Groupe d'aspiration,https://www.centrale-brico.com/electroportatif/equipement-stationnaire/groupe-d-aspiration
category-1580,Scie stationnaire,https://www.centrale-brico.com/electroportatif/equipement-stationnaire/scie-stationnaire
category-1581,Ponceuse-Fraiseuse,https://www.centrale-brico.com/electroportatif/equipement-stationnaire/ponceuse-fraiseuse
category-203,Groupe électrogène,https://www.centrale-brico.com/electroportatif/equipement-stationnaire/groupe-electrogene
category-1583,Compresseur,https://www.centrale-brico.com/electroportatif/equipement-stationnaire/compresseur
category-5304,Bétonnière,https://www.centrale-brico.com/electroportatif/equipement-stationnaire/betonniere
category-5023,Maxicraft-Dremel,https://www.centrale-brico.com/electroportatif/maxicraft-dremel
category-1590,Outillage à main de précision,https://www.centrale-brico.com/electroportatif/maxicraft-dremel/outillage-a-main-de-precision
category-1592,Tréfilerie,https://www.centrale-brico.com/electroportatif/maxicraft-dremel/trefilerie
category-1585,Machine et accessoires,https://www.centrale-brico.com/electroportatif/maxicraft-dremel/machine-et-accessoires
category-1586,Gravure-Pyrogravure,https://www.centrale-brico.com/electroportatif/maxicraft-dremel/gravure-pyrogravure
category-1587,Soudure,https://www.centrale-brico.com/electroportatif/maxicraft-dremel/soudure
category-1588,Aérographie,https://www.centrale-brico.com/electroportatif/maxicraft-dremel/aerographie
category-1589,Outils pour perceuse,https://www.centrale-brico.com/electroportatif/maxicraft-dremel/outils-pour-perceuse
category-1591,Balsa-Contreplaqué,https://www.centrale-brico.com/electroportatif/maxicraft-dremel/balsa-contreplaque
category-5024,Perceuse-Visseuse,https://www.centrale-brico.com/electroportatif/perceuse-visseuse
category-1548,Perforateur,https://www.centrale-brico.com/electroportatif/perceuse-visseuse/perforateur
category-1544,Perceuse-Visseuse sans fil,https://www.centrale-brico.com/electroportatif/perceuse-visseuse/perceuse-visseuse-sans-fil
category-1546,Visseuse,https://www.centrale-brico.com/electroportatif/perceuse-visseuse/visseuse
category-1547,Perceuse à percussion,https://www.centrale-brico.com/electroportatif/perceuse-visseuse/perceuse-a-percussion
category-1549,Boulonneuse,https://www.centrale-brico.com/electroportatif/perceuse-visseuse/boulonneuse
category-5307,Visseuse à chocs,https://www.centrale-brico.com/electroportatif/perceuse-visseuse/visseuse-a-chocs
category-5310,Perceuse-Visseuse filaire,https://www.centrale-brico.com/electroportatif/perceuse-visseuse/perceuse-visseuse-filaire
category-5025,Ponceuse-Meuleuse-Scie,https://www.centrale-brico.com/electroportatif/ponceuse-meuleuse-scie
category-1552,Ponceuse à bande,https://www.centrale-brico.com/electroportatif/ponceuse-meuleuse-scie/ponceuse-a-bande
category-1557,Scie circulaire,https://www.centrale-brico.com/electroportatif/ponceuse-meuleuse-scie/scie-circulaire
category-1556,Scie sauteuse,https://www.centrale-brico.com/electroportatif/ponceuse-meuleuse-scie/scie-sauteuse
category-1555,Ponceuse multifonction,https://www.centrale-brico.com/electroportatif/ponceuse-meuleuse-scie/ponceuse-multifonction
category-1554,Ponceuse vibrante,https://www.centrale-brico.com/electroportatif/ponceuse-meuleuse-scie/ponceuse-vibrante
category-1553,Ponceuse delta,https://www.centrale-brico.com/electroportatif/ponceuse-meuleuse-scie/ponceuse-delta
category-1551,Ponceuse excentrique,https://www.centrale-brico.com/electroportatif/ponceuse-meuleuse-scie/ponceuse-excentrique
category-1558,Scie égoïne-Sabre,https://www.centrale-brico.com/electroportatif/ponceuse-meuleuse-scie/scie-egoine-sabre
category-1550,Meuleuse,https://www.centrale-brico.com/electroportatif/ponceuse-meuleuse-scie/meuleuse
category-5415,Scie à béton,https://www.centrale-brico.com/electroportatif/ponceuse-meuleuse-scie/scie-a-beton
category-5026,Soudure,https://www.centrale-brico.com/electroportatif/soudure
category-1562,Accessoires de soudure,https://www.centrale-brico.com/electroportatif/soudure/accessoires-de-soudure
category-1559,Fer à souder,https://www.centrale-brico.com/electroportatif/soudure/fer-a-souder
category-1560,Poste à souder,https://www.centrale-brico.com/electroportatif/soudure/poste-a-souder
category-1561,Soudure flamme-Brasage,https://www.centrale-brico.com/electroportatif/soudure/soudure-flamme-brasage
category-5032,Outillage,https://www.centrale-brico.com/outillage
category-5033,Automobile,https://www.centrale-brico.com/outillage/automobile
category-1421,Cric-Chandelle,https://www.centrale-brico.com/outillage/automobile/cric-chandelle
category-1414,Clé à molette,https://www.centrale-brico.com/outillage/automobile/cle-a-molette
category-1850,Accessoire auto,https://www.centrale-brico.com/outillage/automobile/accessoire-auto
category-1415,Clé double fourche,https://www.centrale-brico.com/outillage/automobile/cle-double-fourche
category-1416,Clé mixte,https://www.centrale-brico.com/outillage/automobile/cle-mixte
category-1417,Clé à pipe,https://www.centrale-brico.com/outillage/automobile/cle-a-pipe
category-1905,Clé en tube,https://www.centrale-brico.com/outillage/automobile/cle-en-tube
category-1418,Cliquet-Douille,https://www.centrale-brico.com/outillage/automobile/cliquet-douille
category-1419,Clé 6 pans- Clé Torx,https://www.centrale-brico.com/outillage/automobile/cle-6-pans--cle-torx
category-1420,Coffret d'outils,https://www.centrale-brico.com/outillage/automobile/coffret-d-outils
category-1422,Outils garagiste,https://www.centrale-brico.com/outillage/automobile/outils-garagiste
category-5328,Chargeur de batterie,https://www.centrale-brico.com/outillage/automobile/chargeur-de-batterie
category-5034,Brosserie-Abrasif,https://www.centrale-brico.com/outillage/brosserie-abrasif
category-1455,Affûtage,https://www.centrale-brico.com/outillage/brosserie-abrasif/affutage
category-1448,Abrasif à main,https://www.centrale-brico.com/outillage/brosserie-abrasif/abrasif-a-main
category-1449,Abrasif pour machine,https://www.centrale-brico.com/outillage/brosserie-abrasif/abrasif-pour-machine
category-1450,Disque à tronçonner,https://www.centrale-brico.com/outillage/brosserie-abrasif/disque-a-tronconner
category-1451,Brosse à main,https://www.centrale-brico.com/outillage/brosserie-abrasif/brosse-a-main
category-1452,Ramonage,https://www.centrale-brico.com/outillage/brosserie-abrasif/ramonage
category-1453,Brosse pour perceuse,https://www.centrale-brico.com/outillage/brosserie-abrasif/brosse-pour-perceuse
category-1454,Meule pour touret,https://www.centrale-brico.com/outillage/brosserie-abrasif/meule-pour-touret
category-5035,Coupe,https://www.centrale-brico.com/outillage/coupe
category-1395,Couteau multifonction,https://www.centrale-brico.com/outillage/coupe/couteau-multifonction
category-1396,Couteau à dégainer,https://www.centrale-brico.com/outillage/coupe/couteau-a-degainer
category-1397,Ciseau-Coupe fils,https://www.centrale-brico.com/outillage/coupe/ciseau-coupe-fils
category-1391,Cutter,https://www.centrale-brico.com/outillage/coupe/cutter
category-1392,Couteau,https://www.centrale-brico.com/outillage/coupe/couteau
category-1393,Couteau de loisirs,https://www.centrale-brico.com/outillage/coupe/couteau-de-loisirs
category-1394,Gratte-vitres,https://www.centrale-brico.com/outillage/coupe/gratte-vitres
category-5036,Frappe,https://www.centrale-brico.com/outillage/frappe
category-1407,Outils carrossier,https://www.centrale-brico.com/outillage/frappe/outils-carrossier
category-1413,Emporte pièce-Coupe joint,https://www.centrale-brico.com/outillage/frappe/emporte-piece-coupe-joint
category-1412,Pointeau-Chasse pointe,https://www.centrale-brico.com/outillage/frappe/pointeau-chasse-pointe
category-1411,Broche-Chevillette-Burin,https://www.centrale-brico.com/outillage/frappe/broche-chevillette-burin
category-1410,Sculpture sur pierre,https://www.centrale-brico.com/outillage/frappe/sculpture-sur-pierre
category-1409,Maillet,https://www.centrale-brico.com/outillage/frappe/maillet
category-1408,Masse-Massette,https://www.centrale-brico.com/outillage/frappe/masse-massette
category-1406,Marteau,https://www.centrale-brico.com/outillage/frappe/marteau
category-5037,Outils Bâtiment,https://www.centrale-brico.com/outillage/outils-batiment
category-1457,Outils carrelage-parquet,https://www.centrale-brico.com/outillage/outils-batiment/outils-carrelage-parquet
category-1466,Outils plaquiste-Couvreur,https://www.centrale-brico.com/outillage/outils-batiment/outils-plaquiste-couvreur
category-1465,Pince à décoffrer-Barre à mine,https://www.centrale-brico.com/outillage/outils-batiment/pince-a-decoffrer-barre-a-mine
category-1464,Outils de coffreur-Pelle-Pioche,https://www.centrale-brico.com/outillage/outils-batiment/outils-de-coffreur-pelle-pioche
category-1463,Machine à crépir,https://www.centrale-brico.com/outillage/outils-batiment/machine-a-crepir
category-1462,Auge-Seau,https://www.centrale-brico.com/outillage/outils-batiment/auge-seau
category-1461,Truelle-Taloche,https://www.centrale-brico.com/outillage/outils-batiment/truelle-taloche
category-1460,Outil tapissier,https://www.centrale-brico.com/outillage/outils-batiment/outil-tapissier
category-1459,Pinceau-Rouleau,https://www.centrale-brico.com/outillage/outils-batiment/pinceau-rouleau
category-1458,Couteau à enduire,https://www.centrale-brico.com/outillage/outils-batiment/couteau-a-enduire
category-1456,Outils vitre,https://www.centrale-brico.com/outillage/outils-batiment/outils-vitre
category-5038,Outils à bois,https://www.centrale-brico.com/outillage/outils-a-bois
category-1398,Ciseau à bois,https://www.centrale-brico.com/outillage/outils-a-bois/ciseau-a-bois
category-1405,Coffret d'outils à bois,https://www.centrale-brico.com/outillage/outils-a-bois/coffret-d-outils-a-bois
category-1404,Fer de rabot,https://www.centrale-brico.com/outillage/outils-a-bois/fer-de-rabot
category-1403,Lime-Rape,https://www.centrale-brico.com/outillage/outils-a-bois/lime-rape
category-1402,Rabot-rape et Surform,https://www.centrale-brico.com/outillage/outils-a-bois/rabot-rape-et-surform
category-1401,Rabot Guillaume,https://www.centrale-brico.com/outillage/outils-a-bois/rabot-guillaume
category-1400,Rabot à bois,https://www.centrale-brico.com/outillage/outils-a-bois/rabot-a-bois
category-1399,Racloir-Vastringue,https://www.centrale-brico.com/outillage/outils-a-bois/racloir-vastringue
category-5339,Accessoire pour défonceuse,https://www.centrale-brico.com/outillage/outils-a-bois/accessoire-pour-defonceuse
category-5340,Bloc de poussée,https://www.centrale-brico.com/outillage/outils-a-bois/bloc-de-poussee
category-5039,Perçage-Fraisage,https://www.centrale-brico.com/outillage/percage-fraisage
category-1375,Perçage Béton-Verre,https://www.centrale-brico.com/outillage/percage-fraisage/percage-beton-verre
category-1374,Perçage Métaux,https://www.centrale-brico.com/outillage/percage-fraisage/percage-metaux
category-1377,Fraise-Défonceuse,https://www.centrale-brico.com/outillage/percage-fraisage/fraise-defonceuse
category-1378,Extracteur-Taraud,https://www.centrale-brico.com/outillage/percage-fraisage/extracteur-taraud
category-1379,Accessoires de perçage,https://www.centrale-brico.com/outillage/percage-fraisage/accessoires-de-percage
category-1380,Coffret forêts mixtes,https://www.centrale-brico.com/outillage/percage-fraisage/coffret-forets-mixtes
category-1376,Perçage Bois,https://www.centrale-brico.com/outillage/percage-fraisage/percage-bois
category-5279,Perçage Céramique,https://www.centrale-brico.com/outillage/percage-fraisage/percage-ceramique
category-5040,Pince-Tenaille,https://www.centrale-brico.com/outillage/pince-tenaille
category-1428,Pince universelle,https://www.centrale-brico.com/outillage/pince-tenaille/pince-universelle
category-1430,Pince coupante,https://www.centrale-brico.com/outillage/pince-tenaille/pince-coupante
category-1431,Pince téléphone,https://www.centrale-brico.com/outillage/pince-tenaille/pince-telephone
category-1432,Pince à dénuder,https://www.centrale-brico.com/outillage/pince-tenaille/pince-a-denuder
category-1433,Pince circlips,https://www.centrale-brico.com/outillage/pince-tenaille/pince-circlips
category-1434,Pince à avoyer,https://www.centrale-brico.com/outillage/pince-tenaille/pince-a-avoyer
category-1435,Pince-étau,https://www.centrale-brico.com/outillage/pince-tenaille/pince-etau
category-1437,Coupe boulon-Cisaille,https://www.centrale-brico.com/outillage/pince-tenaille/coupe-boulon-cisaille
category-1436,Tenaille,https://www.centrale-brico.com/outillage/pince-tenaille/tenaille
category-1728,Pince à Bec,https://www.centrale-brico.com/outillage/pince-tenaille/pince-a-bec
category-1427,Pince de précision,https://www.centrale-brico.com/outillage/pince-tenaille/pince-de-precision
category-1429,Pince multiprise,https://www.centrale-brico.com/outillage/pince-tenaille/pince-multiprise
category-5041,Plomberie,https://www.centrale-brico.com/outillage/plomberie
category-1424,Coupe tube-Ebavureur,https://www.centrale-brico.com/outillage/plomberie/coupe-tube-ebavureur
category-1426,Débouchage,https://www.centrale-brico.com/outillage/plomberie/debouchage
category-1425,Cintrage,https://www.centrale-brico.com/outillage/plomberie/cintrage
category-1423,Clé serre-tube,https://www.centrale-brico.com/outillage/plomberie/cle-serre-tube
category-5042,Sciage,https://www.centrale-brico.com/outillage/sciage
category-1383,Scie à guichet,https://www.centrale-brico.com/outillage/sciage/scie-a-guichet
category-1382,Lame de scie,https://www.centrale-brico.com/outillage/sciage/lame-de-scie
category-1388,Boîte à onglet,https://www.centrale-brico.com/outillage/sciage/boite-a-onglet
category-1389,Scie à métaux,https://www.centrale-brico.com/outillage/sciage/scie-a-metaux
category-1390,Scie maquettiste,https://www.centrale-brico.com/outillage/sciage/scie-maquettiste
category-1381,Scie cloche-Trépan,https://www.centrale-brico.com/outillage/sciage/scie-cloche-trepan
category-1387,Scie à onglet,https://www.centrale-brico.com/outillage/sciage/scie-a-onglet
category-1385,Scie à dos,https://www.centrale-brico.com/outillage/sciage/scie-a-dos
category-1384,Scie japonaise,https://www.centrale-brico.com/outillage/sciage/scie-japonaise
category-1386,Scie égoïne,https://www.centrale-brico.com/outillage/sciage/scie-egoine
category-5043,Vissage,https://www.centrale-brico.com/outillage/vissage
category-1438,Tournevis de précision,https://www.centrale-brico.com/outillage/vissage/tournevis-de-precision
category-1442,Coffret de tournevis,https://www.centrale-brico.com/outillage/vissage/coffret-de-tournevis
category-1443,Tournevis isolé,https://www.centrale-brico.com/outillage/vissage/tournevis-isole
category-1446,Tournevis Torx,https://www.centrale-brico.com/outillage/vissage/tournevis-torx
category-1444,Tournevis plat,https://www.centrale-brico.com/outillage/vissage/tournevis-plat
category-1445,Tournevis cruciforme,https://www.centrale-brico.com/outillage/vissage/tournevis-cruciforme
category-1447,Tournevis Pozidriv,https://www.centrale-brico.com/outillage/vissage/tournevis-pozidriv
category-1441,Porte embout,https://www.centrale-brico.com/outillage/vissage/porte-embout
category-1440,Embout de vissage,https://www.centrale-brico.com/outillage/vissage/embout-de-vissage
category-1439,Tournevis spéciaux,https://www.centrale-brico.com/outillage/vissage/tournevis-speciaux
category-5280,Boîte à vis,https://www.centrale-brico.com/outillage/vissage/boite-a-vis
category-5000,Atelier-Chantier,https://www.centrale-brico.com/atelier-chantier
category-5001,Chariot-Levage-Serrage,https://www.centrale-brico.com/atelier-chantier/chariot-levage-serrage
category-1496,Treuil-Palan-Poulie,https://www.centrale-brico.com/atelier-chantier/chariot-levage-serrage/treuil-palan-poulie
category-1495,Lève plaque,https://www.centrale-brico.com/atelier-chantier/chariot-levage-serrage/leve-plaque
category-1494,Chariot-Diable,https://www.centrale-brico.com/atelier-chantier/chariot-levage-serrage/chariot-diable
category-1500,Brouette,https://www.centrale-brico.com/atelier-chantier/chariot-levage-serrage/brouette
category-1499,Etau-Enclume,https://www.centrale-brico.com/atelier-chantier/chariot-levage-serrage/etau-enclume
category-1498,Presse-Serre joint,https://www.centrale-brico.com/atelier-chantier/chariot-levage-serrage/presse-serre-joint
category-1497,Sangle-Sandow,https://www.centrale-brico.com/atelier-chantier/chariot-levage-serrage/sangle-sandow
category-5326,Rampe de chargement,https://www.centrale-brico.com/atelier-chantier/chariot-levage-serrage/rampe-de-chargement
category-5400,Malette outils,https://www.centrale-brico.com/atelier-chantier/chariot-levage-serrage/malette-outils
category-5002,Droguerie,https://www.centrale-brico.com/atelier-chantier/droguerie
category-1741,Burette-Broc-Pulvérisateur,https://www.centrale-brico.com/atelier-chantier/droguerie/burette-broc-pulverisateur
category-1742,Dégrippant-Graisse-Lubrifiant,https://www.centrale-brico.com/atelier-chantier/droguerie/degrippant-graisse-lubrifiant
category-1743,Entonnoir-Jerrycan,https://www.centrale-brico.com/atelier-chantier/droguerie/entonnoir-jerrycan
category-1744,Pompe-Seringue,https://www.centrale-brico.com/atelier-chantier/droguerie/pompe-seringue
category-1745,Nettoyage et entretien,https://www.centrale-brico.com/atelier-chantier/droguerie/nettoyage-et-entretien
category-1746,Agrafe-Pointe,https://www.centrale-brico.com/atelier-chantier/droguerie/agrafe-pointe
category-1747,Agrafeuse-Cloueur,https://www.centrale-brico.com/atelier-chantier/droguerie/agrafeuse-cloueur
category-1801,Colle-mastic en pot,https://www.centrale-brico.com/atelier-chantier/droguerie/colle-mastic-en-pot
category-1802,Colle-mastic en cartouche,https://www.centrale-brico.com/atelier-chantier/droguerie/colle-mastic-en-cartouche
category-1798,Pistolet - Baton de colle,https://www.centrale-brico.com/atelier-chantier/droguerie/pistolet-baton-de-colle
category-1867,Rivetage,https://www.centrale-brico.com/atelier-chantier/droguerie/rivetage
category-1748,Chaîne-Cordage,https://www.centrale-brico.com/atelier-chantier/droguerie/chaine-cordage
category-1750,Collier-Liens,https://www.centrale-brico.com/atelier-chantier/droguerie/collier-liens
category-1751,Ruban adhésif,https://www.centrale-brico.com/atelier-chantier/droguerie/ruban-adhesif
category-5004,Equipement d'atelier,https://www.centrale-brico.com/atelier-chantier/equipement-d-atelier
category-1481,Eclairage,https://www.centrale-brico.com/atelier-chantier/equipement-d-atelier/eclairage
category-1473,Etabli modulable,https://www.centrale-brico.com/atelier-chantier/equipement-d-atelier/etabli-modulable
category-1472,Etabli bois et métal,https://www.centrale-brico.com/atelier-chantier/equipement-d-atelier/etabli-bois-et-metal
category-1474,Rangement évolutif,https://www.centrale-brico.com/atelier-chantier/equipement-d-atelier/rangement-evolutif
category-1475,Table de métier,https://www.centrale-brico.com/atelier-chantier/equipement-d-atelier/table-de-metier
category-1476,Tréteau,https://www.centrale-brico.com/atelier-chantier/equipement-d-atelier/treteau
category-5005,Métrologie-Traçage,https://www.centrale-brico.com/atelier-chantier/metrologie-tracage
category-1486,Pied à coulisse-Jauge,https://www.centrale-brico.com/atelier-chantier/metrologie-tracage/pied-a-coulisse-jauge
category-1488,Rapporteur-Compas,https://www.centrale-brico.com/atelier-chantier/metrologie-tracage/rapporteur-compas
category-1489,Pointe-Marqueur,https://www.centrale-brico.com/atelier-chantier/metrologie-tracage/pointe-marqueur
category-1490,Peinture-Marque,https://www.centrale-brico.com/atelier-chantier/metrologie-tracage/peinture-marque
category-1491,Plombs à sceller,https://www.centrale-brico.com/atelier-chantier/metrologie-tracage/plombs-a-sceller
category-1492,Niveau-Règle,https://www.centrale-brico.com/atelier-chantier/metrologie-tracage/niveau-regle
category-1493,Cordeau-Plomb-Poudre,https://www.centrale-brico.com/atelier-chantier/metrologie-tracage/cordeau-plomb-poudre
category-1725,Mètre d'arpenteur,https://www.centrale-brico.com/atelier-chantier/metrologie-tracage/metre-d-arpenteur
category-1482,Mètre ruban,https://www.centrale-brico.com/atelier-chantier/metrologie-tracage/metre-ruban
category-1483,Règle-Mesure pliante,https://www.centrale-brico.com/atelier-chantier/metrologie-tracage/regle-mesure-pliante
category-1484,Mesure électronique,https://www.centrale-brico.com/atelier-chantier/metrologie-tracage/mesure-electronique
category-1485,Détecteur-Testeur,https://www.centrale-brico.com/atelier-chantier/metrologie-tracage/detecteur-testeur
category-1487,Trusquin-Équerre,https://www.centrale-brico.com/atelier-chantier/metrologie-tracage/trusquin-equerre
category-5414,Equilibrage de roues,https://www.centrale-brico.com/atelier-chantier/metrologie-tracage/equilibrage-de-roues
category-5006,Protection des personnes,https://www.centrale-brico.com/atelier-chantier/protection-des-personnes
category-1509,Harnais,https://www.centrale-brico.com/atelier-chantier/protection-des-personnes/harnais
category-1511,Chaussure de sécurité,https://www.centrale-brico.com/atelier-chantier/protection-des-personnes/chaussure-de-securite
category-1512,Casque,https://www.centrale-brico.com/atelier-chantier/protection-des-personnes/casque
category-1513,Autre protection,https://www.centrale-brico.com/atelier-chantier/protection-des-personnes/autre-protection
category-1794,Genouillères,https://www.centrale-brico.com/atelier-chantier/protection-des-personnes/genouilleres
category-1795,Protection auditive,https://www.centrale-brico.com/atelier-chantier/protection-des-personnes/protection-auditive
category-1796,Ensemble de pluie,https://www.centrale-brico.com/atelier-chantier/protection-des-personnes/ensemble-de-pluie
category-1797,1er secours,https://www.centrale-brico.com/atelier-chantier/protection-des-personnes/1er-secours
category-1506,Veste-Gilet,https://www.centrale-brico.com/atelier-chantier/protection-des-personnes/veste-gilet
category-1507,Pantalon-Combinaison,https://www.centrale-brico.com/atelier-chantier/protection-des-personnes/pantalon-combinaison
category-1508,Lunette-Masque,https://www.centrale-brico.com/atelier-chantier/protection-des-personnes/lunette-masque
category-1510,Gant,https://www.centrale-brico.com/atelier-chantier/protection-des-personnes/gant
category-5007,Rangement,https://www.centrale-brico.com/atelier-chantier/rangement
category-1468,Bac-Casier,https://www.centrale-brico.com/atelier-chantier/rangement/bac-casier
category-1467,Poche-Sac à outils,https://www.centrale-brico.com/atelier-chantier/rangement/poche-sac-a-outils
category-1471,Servante d'atelier,https://www.centrale-brico.com/atelier-chantier/rangement/servante-d-atelier
category-5256,Etagère modulable,https://www.centrale-brico.com/atelier-chantier/rangement/etagere-modulable
category-5257,Rayonnage,https://www.centrale-brico.com/atelier-chantier/rangement/rayonnage
category-1469,Mallette organiseur,https://www.centrale-brico.com/atelier-chantier/rangement/mallette-organiseur
category-1470,Boîte à outils,https://www.centrale-brico.com/atelier-chantier/rangement/boite-a-outils
category-5142,Travail en hauteur,https://www.centrale-brico.com/atelier-chantier/travail-en-hauteur
category-5154,Echelle transformable,https://www.centrale-brico.com/atelier-chantier/travail-en-hauteur/echelle-transformable
category-5155,Echelle multi-positions,https://www.centrale-brico.com/atelier-chantier/travail-en-hauteur/echelle-multi-positions
category-5146,Escabeau,https://www.centrale-brico.com/atelier-chantier/travail-en-hauteur/escabeau
category-5156,Echelle télescopique,https://www.centrale-brico.com/atelier-chantier/travail-en-hauteur/echelle-telescopique
category-5147,Echafaudage,https://www.centrale-brico.com/atelier-chantier/travail-en-hauteur/echafaudage
category-5151,Echelle double,https://www.centrale-brico.com/atelier-chantier/travail-en-hauteur/echelle-double
category-5150,Echelle de toit,https://www.centrale-brico.com/atelier-chantier/travail-en-hauteur/echelle-de-toit
category-5149,Marchepied,https://www.centrale-brico.com/atelier-chantier/travail-en-hauteur/marchepied
category-5153,Echelle coulissante,https://www.centrale-brico.com/atelier-chantier/travail-en-hauteur/echelle-coulissante
category-5152,Echelle simple,https://www.centrale-brico.com/atelier-chantier/travail-en-hauteur/echelle-simple
category-5148,Plateforme individuelle,https://www.centrale-brico.com/atelier-chantier/travail-en-hauteur/plateforme-individuelle
category-5055,Quincaillerie,https://www.centrale-brico.com/quincaillerie
category-5056,Ameublement,https://www.centrale-brico.com/quincaillerie/ameublement
category-1938,Coulisse,https://www.centrale-brico.com/quincaillerie/ameublement/coulisse
category-1937,Taquet,https://www.centrale-brico.com/quincaillerie/ameublement/taquet
category-1936,Assemblage meuble,https://www.centrale-brico.com/quincaillerie/ameublement/assemblage-meuble
category-1930,Console,https://www.centrale-brico.com/quincaillerie/ameublement/console
category-1935,Fermeture meuble,https://www.centrale-brico.com/quincaillerie/ameublement/fermeture-meuble
category-1929,Charnière,https://www.centrale-brico.com/quincaillerie/ameublement/charniere
category-1928,Poignée meuble,https://www.centrale-brico.com/quincaillerie/ameublement/poignee-meuble
category-2049,Sécurité Enfants,https://www.centrale-brico.com/quincaillerie/ameublement/securite-enfants
category-5159,Pistons et compas,https://www.centrale-brico.com/quincaillerie/ameublement/pistons-et-compas
category-5160,Tiroirs,https://www.centrale-brico.com/quincaillerie/ameublement/tiroirs
category-1940,Pied de meuble,https://www.centrale-brico.com/quincaillerie/ameublement/pied-de-meuble
category-1939,Tourillon,https://www.centrale-brico.com/quincaillerie/ameublement/tourillon
category-5144,Armoire-Penderie,https://www.centrale-brico.com/quincaillerie/armoire-penderie
category-5161,Accessoires pour armoires,https://www.centrale-brico.com/quincaillerie/armoire-penderie/accessoires-pour-armoires
category-5162,Barres de penderies,https://www.centrale-brico.com/quincaillerie/armoire-penderie/barres-de-penderies
category-5165,Eléments pour compositions intérieur,https://www.centrale-brico.com/quincaillerie/armoire-penderie/elements-pour-compositions-interieur
category-5164,Porte-pantalons,https://www.centrale-brico.com/quincaillerie/armoire-penderie/porte-pantalons
category-5163,Rangement de chaussures,https://www.centrale-brico.com/quincaillerie/armoire-penderie/rangement-de-chaussures
category-5290,Armoire d'intérieur,https://www.centrale-brico.com/quincaillerie/armoire-penderie/armoire-d-interieur
category-5057,Bâtiment,https://www.centrale-brico.com/quincaillerie/batiment
category-1774,Bâche de protection,https://www.centrale-brico.com/quincaillerie/batiment/bache-de-protection
category-1773,Boîte aux lettres,https://www.centrale-brico.com/quincaillerie/batiment/boite-aux-lettres
category-1776,Armoire à clés,https://www.centrale-brico.com/quincaillerie/batiment/armoire-a-cles
category-2056,Accessoires Portail,https://www.centrale-brico.com/quincaillerie/batiment/accessoires-portail
category-1777,Signalisation,https://www.centrale-brico.com/quincaillerie/batiment/signalisation
category-1775,Coffre-fort,https://www.centrale-brico.com/quincaillerie/batiment/coffre-fort
category-5258,Tôle et profilé,https://www.centrale-brico.com/quincaillerie/batiment/tole-et-profile
category-5291,Lambris,https://www.centrale-brico.com/quincaillerie/batiment/lambris
category-5292,Trappe de visite,https://www.centrale-brico.com/quincaillerie/batiment/trappe-de-visite
category-5306,Plancher et sol,https://www.centrale-brico.com/quincaillerie/batiment/plancher-et-sol
category-5316,Escalier,https://www.centrale-brico.com/quincaillerie/batiment/escalier
category-5317,Garde-corps,https://www.centrale-brico.com/quincaillerie/batiment/garde-corps
category-5318,Main courante,https://www.centrale-brico.com/quincaillerie/batiment/main-courante
category-5058,Fixation,https://www.centrale-brico.com/quincaillerie/fixation
category-1763,Rondelle,https://www.centrale-brico.com/quincaillerie/fixation/rondelle
category-1933,Cache-vis,https://www.centrale-brico.com/quincaillerie/fixation/cache-vis
category-1932,Vis à tôle,https://www.centrale-brico.com/quincaillerie/fixation/vis-a-tole
category-2043,Auto-Agrippant,https://www.centrale-brico.com/quincaillerie/fixation/auto-agrippant
category-1767,Goupille,https://www.centrale-brico.com/quincaillerie/fixation/goupille
category-1766,Vis à plâtre,https://www.centrale-brico.com/quincaillerie/fixation/vis-a-platre
category-1765,Ecrou,https://www.centrale-brico.com/quincaillerie/fixation/ecrou
category-1764,Vis à métaux,https://www.centrale-brico.com/quincaillerie/fixation/vis-a-metaux
category-1926,Tirefond,https://www.centrale-brico.com/quincaillerie/fixation/tirefond
category-1762,Tige filetée,https://www.centrale-brico.com/quincaillerie/fixation/tige-filetee
category-1754,Cheville support creux,https://www.centrale-brico.com/quincaillerie/fixation/cheville-support-creux
category-1752,Cheville tous matériaux,https://www.centrale-brico.com/quincaillerie/fixation/cheville-tous-materiaux
category-1753,Boulon,https://www.centrale-brico.com/quincaillerie/fixation/boulon
category-1755,Cheville fixation lourde,https://www.centrale-brico.com/quincaillerie/fixation/cheville-fixation-lourde
category-1756,Cheville support plein,https://www.centrale-brico.com/quincaillerie/fixation/cheville-support-plein
category-1757,Piton - Crochet - Gond,https://www.centrale-brico.com/quincaillerie/fixation/piton---crochet---gond
category-1758,Pointe-Clous,https://www.centrale-brico.com/quincaillerie/fixation/pointe-clous
category-1759,Vis autoforeuse,https://www.centrale-brico.com/quincaillerie/fixation/vis-autoforeuse
category-1760,Vis à bois,https://www.centrale-brico.com/quincaillerie/fixation/vis-a-bois
category-1761,Cheville à frapper,https://www.centrale-brico.com/quincaillerie/fixation/cheville-a-frapper
category-1521,Résine-Scellement chimique,https://www.centrale-brico.com/quincaillerie/fixation/resine-scellement-chimique
category-1518,Ecrous à sertir-Oeilletage,https://www.centrale-brico.com/quincaillerie/fixation/ecrous-a-sertir-oeilletage
category-1517,Rivetage,https://www.centrale-brico.com/quincaillerie/fixation/rivetage
category-1934,Cheville fixation spécifique,https://www.centrale-brico.com/quincaillerie/fixation/cheville-fixation-specifique
category-5249,Vis à béton,https://www.centrale-brico.com/quincaillerie/fixation/vis-a-beton
category-5293,Enduit et mortier,https://www.centrale-brico.com/quincaillerie/fixation/enduit-et-mortier
category-5294,Vis inox,https://www.centrale-brico.com/quincaillerie/fixation/vis-inox
category-5295,Vis relieuse,https://www.centrale-brico.com/quincaillerie/fixation/vis-relieuse
category-5059,Meuble-Rangement,https://www.centrale-brico.com/quincaillerie/meuble-rangement
category-1531,Roulette,https://www.centrale-brico.com/quincaillerie/meuble-rangement/roulette
category-1534,Console,https://www.centrale-brico.com/quincaillerie/meuble-rangement/console
category-1533,Patte-Equerre,https://www.centrale-brico.com/quincaillerie/meuble-rangement/patte-equerre
category-1532,Crémaillère,https://www.centrale-brico.com/quincaillerie/meuble-rangement/cremaillere
category-5296,Boîte de rangement,https://www.centrale-brico.com/quincaillerie/meuble-rangement/boite-de-rangement
category-5297,Portemanteau,https://www.centrale-brico.com/quincaillerie/meuble-rangement/portemanteau
category-5402,Bibliothèque,https://www.centrale-brico.com/quincaillerie/meuble-rangement/bibliotheque
category-5403,Bureau,https://www.centrale-brico.com/quincaillerie/meuble-rangement/bureau
category-5404,Commode,https://www.centrale-brico.com/quincaillerie/meuble-rangement/commode
category-5405,Meuble TV,https://www.centrale-brico.com/quincaillerie/meuble-rangement/meuble-tv
category-5435,Range-Couverts,https://www.centrale-brico.com/quincaillerie/meuble-rangement/range-couverts
category-5060,Porte-Fenêtre,https://www.centrale-brico.com/quincaillerie/porte-fenetre
category-1530,Penture,https://www.centrale-brico.com/quincaillerie/porte-fenetre/penture
category-1529,Isolation,https://www.centrale-brico.com/quincaillerie/porte-fenetre/isolation
category-1527,Bas de porte,https://www.centrale-brico.com/quincaillerie/porte-fenetre/bas-de-porte
category-1528,Poignée de porte,https://www.centrale-brico.com/quincaillerie/porte-fenetre/poignee-de-porte
category-1526,Rail de porte coulissante,https://www.centrale-brico.com/quincaillerie/porte-fenetre/rail-de-porte-coulissante
category-2058,Ferme-porte,https://www.centrale-brico.com/quincaillerie/porte-fenetre/ferme-porte
category-2057,Volets,https://www.centrale-brico.com/quincaillerie/porte-fenetre/volets
category-5298,Porte coulissante,https://www.centrale-brico.com/quincaillerie/porte-fenetre/porte-coulissante
category-5299,Rideau,https://www.centrale-brico.com/quincaillerie/porte-fenetre/rideau
category-5300,Store,https://www.centrale-brico.com/quincaillerie/porte-fenetre/store
category-5061,Serrurerie,https://www.centrale-brico.com/quincaillerie/serrurerie
category-1535,Cadenas-Antivol,https://www.centrale-brico.com/quincaillerie/serrurerie/cadenas-antivol
category-1941,Serrure en applique,https://www.centrale-brico.com/quincaillerie/serrurerie/serrure-en-applique
category-1931,Gâche électrique,https://www.centrale-brico.com/quincaillerie/serrurerie/gache-electrique
category-1768,Serrure de portail,https://www.centrale-brico.com/quincaillerie/serrurerie/serrure-de-portail
category-1538,Serrure à larder,https://www.centrale-brico.com/quincaillerie/serrurerie/serrure-a-larder
category-1537,Cylindre,https://www.centrale-brico.com/quincaillerie/serrurerie/cylindre
category-1536,Verrou,https://www.centrale-brico.com/quincaillerie/serrurerie/verrou
category-2059,Poignée de porte,https://www.centrale-brico.com/quincaillerie/serrurerie/poignee-de-porte
category-5012,Electricité,https://www.centrale-brico.com/electricite
category-5013,Branchement,https://www.centrale-brico.com/electricite/branchement
category-1284,Bloc-Multiprise,https://www.centrale-brico.com/electricite/branchement/bloc-multiprise
category-1287,Prise de courant,https://www.centrale-brico.com/electricite/branchement/prise-de-courant
category-1286,Fiche mâle,https://www.centrale-brico.com/electricite/branchement/fiche-male
category-1283,Accessoire branchement,https://www.centrale-brico.com/electricite/branchement/accessoire-branchement
category-1285,Câble-Rallonge,https://www.centrale-brico.com/electricite/branchement/cable-rallonge
category-1955,Fils et câbles,https://www.centrale-brico.com/electricite/branchement/fils-et-cables
category-1958,Cosse,https://www.centrale-brico.com/electricite/branchement/cosse
category-1320,Enrouleur,https://www.centrale-brico.com/electricite/branchement/enrouleur
category-2051,Fiche femelle,https://www.centrale-brico.com/electricite/branchement/fiche-femelle
category-5271,"Gaine, conduit électrique",https://www.centrale-brico.com/electricite/branchement/gaine-conduit-electrique
category-5014,Eclairage,https://www.centrale-brico.com/electricite/eclairage
category-1956,Lampe à poser,https://www.centrale-brico.com/electricite/eclairage/lampe-a-poser
category-1970,Lampe à incandescence,https://www.centrale-brico.com/electricite/eclairage/lampe-a-incandescence
category-1969,Lampe Fluocompacte,https://www.centrale-brico.com/electricite/eclairage/lampe-fluocompacte
category-1968,Lampe Halogène,https://www.centrale-brico.com/electricite/eclairage/lampe-halogene
category-1967,Projecteur Halogène,https://www.centrale-brico.com/electricite/eclairage/projecteur-halogene
category-1966,Luminaire Extérieur,https://www.centrale-brico.com/electricite/eclairage/luminaire-exterieur
category-1965,Lampe plafonnier,https://www.centrale-brico.com/electricite/eclairage/lampe-plafonnier
category-1964,Lampe en applique,https://www.centrale-brico.com/electricite/eclairage/lampe-en-applique
category-1962,Spot encastrable,https://www.centrale-brico.com/electricite/eclairage/spot-encastrable
category-1961,Spot à fixer,https://www.centrale-brico.com/electricite/eclairage/spot-a-fixer
category-1957,Lampe LED,https://www.centrale-brico.com/electricite/eclairage/lampe-led
category-1963,Lampe suspendue,https://www.centrale-brico.com/electricite/eclairage/lampe-suspendue
category-1960,Lampadaire d'intérieur,https://www.centrale-brico.com/electricite/eclairage/lampadaire-d-interieur
category-2052,Projecteur LED,https://www.centrale-brico.com/electricite/eclairage/projecteur-led
category-1291,Signalisation,https://www.centrale-brico.com/electricite/eclairage/signalisation
category-1290,Interrupteur,https://www.centrale-brico.com/electricite/eclairage/interrupteur
category-1289,Douille,https://www.centrale-brico.com/electricite/eclairage/douille
category-1288,Baladeuse,https://www.centrale-brico.com/electricite/eclairage/baladeuse
category-5272,Accessoires pour lustre,https://www.centrale-brico.com/electricite/eclairage/accessoires-pour-lustre
category-5273,Lampe veilleuse,https://www.centrale-brico.com/electricite/eclairage/lampe-veilleuse
category-5430,Lampadaire d'extérieur,https://www.centrale-brico.com/electricite/eclairage/lampadaire-d-exterieur
category-5015,Installation,https://www.centrale-brico.com/electricite/installation
category-1297,Horloge-Mesure,https://www.centrale-brico.com/electricite/installation/horloge-mesure
category-1298,Interrupteur-Prise-Télérupteur,https://www.centrale-brico.com/electricite/installation/interrupteur-prise-telerupteur
category-1299,Moulure-Accessoire,https://www.centrale-brico.com/electricite/installation/moulure-accessoire
category-1300,Outil-Isolant,https://www.centrale-brico.com/electricite/installation/outil-isolant
category-1302,Tableau-Distribution,https://www.centrale-brico.com/electricite/installation/tableau-distribution
category-1307,Signalisation-Sonnette-Carillon,https://www.centrale-brico.com/electricite/installation/signalisation-sonnette-carillon
category-1296,Contacteur-Poussoir-Variateur,https://www.centrale-brico.com/electricite/installation/contacteur-poussoir-variateur
category-1295,Borne-Connexion-Fixation,https://www.centrale-brico.com/electricite/installation/borne-connexion-fixation
category-1294,Boîte dérivation-Encastrement,https://www.centrale-brico.com/electricite/installation/boite-derivation-encastrement
category-1293,Accessoires interrupteur-Prise,https://www.centrale-brico.com/electricite/installation/accessoires-interrupteur-prise
category-5338,Panneau solaire,https://www.centrale-brico.com/electricite/installation/panneau-solaire
category-5017,Multimédia,https://www.centrale-brico.com/electricite/multimedia
category-1303,Informatique-TV-Téléphone,https://www.centrale-brico.com/electricite/multimedia/informatique-tv-telephone
category-1959,Antenne,https://www.centrale-brico.com/electricite/multimedia/antenne
category-1321,Pile-Batterie,https://www.centrale-brico.com/electricite/multimedia/pile-batterie
category-5018,Protection,https://www.centrale-brico.com/electricite/protection
category-2050,Sécurité,https://www.centrale-brico.com/electricite/protection/securite
category-1305,Fusible,https://www.centrale-brico.com/electricite/protection/fusible
category-1304,Disjoncteur-Différentiel,https://www.centrale-brico.com/electricite/protection/disjoncteur-differentiel
category-5346,Chauffage - Traitement de l'air,https://www.centrale-brico.com/chauffage---traitement-de-l-air
category-5353,Poêle à bois - Poêle à granulés,https://www.centrale-brico.com/chauffage---traitement-de-l-air/poele-a-bois---poele-a-granules
category-5385,Poêle à bois,https://www.centrale-brico.com/chauffage---traitement-de-l-air/poele-a-bois---poele-a-granules/poele-a-bois
category-5386,Poêle à granulés,https://www.centrale-brico.com/chauffage---traitement-de-l-air/poele-a-bois---poele-a-granules/poele-a-granules
category-5384,Accessoires poêles à bois,https://www.centrale-brico.com/chauffage---traitement-de-l-air/poele-a-bois---poele-a-granules/accessoires-poeles-a-bois
category-5355,Radiateur Electrique,https://www.centrale-brico.com/chauffage---traitement-de-l-air/radiateur-electrique
category-5393,Radiateur électrique fixe,https://www.centrale-brico.com/chauffage---traitement-de-l-air/radiateur-electrique/radiateur-electrique-fixe
category-5392,Radiateur mobile,https://www.centrale-brico.com/chauffage---traitement-de-l-air/radiateur-electrique/radiateur-mobile
category-5394,Sèche serviette,https://www.centrale-brico.com/chauffage---traitement-de-l-air/radiateur-electrique/seche-serviette
category-5391,Chauffage de Chantier,https://www.centrale-brico.com/chauffage---traitement-de-l-air/radiateur-electrique/chauffage-de-chantier
category-5395,Thermostat - accessoires,https://www.centrale-brico.com/chauffage---traitement-de-l-air/radiateur-electrique/thermostat---accessoires
category-5417,Double technologie,https://www.centrale-brico.com/chauffage---traitement-de-l-air/radiateur-electrique/double-technologie
category-5418,Inertie fluide,https://www.centrale-brico.com/chauffage---traitement-de-l-air/radiateur-electrique/inertie-fluide
category-5419,Inertie sèche,https://www.centrale-brico.com/chauffage---traitement-de-l-air/radiateur-electrique/inertie-seche
category-5350,Cheminée - Insert,https://www.centrale-brico.com/chauffage---traitement-de-l-air/cheminee---insert
category-5372,Cheminée électrique,https://www.centrale-brico.com/chauffage---traitement-de-l-air/cheminee---insert/cheminee-electrique
category-5373,Insert de cheminée,https://www.centrale-brico.com/chauffage---traitement-de-l-air/cheminee---insert/insert-de-cheminee
category-5371,Cheminée à bois,https://www.centrale-brico.com/chauffage---traitement-de-l-air/cheminee---insert/cheminee-a-bois
category-5370,Accessoires d'insert,https://www.centrale-brico.com/chauffage---traitement-de-l-air/cheminee---insert/accessoires-d-insert
category-5354,Poêle à pétrole,https://www.centrale-brico.com/chauffage---traitement-de-l-air/poele-a-petrole
category-5390,Poêle à pétrole,https://www.centrale-brico.com/chauffage---traitement-de-l-air/poele-a-petrole/poele-a-petrole
category-5389,Poêle à gaz,https://www.centrale-brico.com/chauffage---traitement-de-l-air/poele-a-petrole/poele-a-gaz
category-5387,Accessoire poêles à pétrole,https://www.centrale-brico.com/chauffage---traitement-de-l-air/poele-a-petrole/accessoire-poeles-a-petrole
category-5388,Combustible,https://www.centrale-brico.com/chauffage---traitement-de-l-air/poele-a-petrole/combustible
category-5349,Chauffe-eau,https://www.centrale-brico.com/chauffage---traitement-de-l-air/chauffe-eau
category-5369,Chauffe-eau électrique,https://www.centrale-brico.com/chauffage---traitement-de-l-air/chauffe-eau/chauffe-eau-electrique
category-5368,Chauffe-eau thermodynamique,https://www.centrale-brico.com/chauffage---traitement-de-l-air/chauffe-eau/chauffe-eau-thermodynamique
category-5367,Accessoire Chauffe-eau,https://www.centrale-brico.com/chauffage---traitement-de-l-air/chauffe-eau/accessoire-chauffe-eau
category-5356,VMC - extracteur d'air,https://www.centrale-brico.com/chauffage---traitement-de-l-air/vmc---extracteur-d-air
category-5399,VMC simple flux,https://www.centrale-brico.com/chauffage---traitement-de-l-air/vmc---extracteur-d-air/vmc-simple-flux
category-5398,VMC double flux,https://www.centrale-brico.com/chauffage---traitement-de-l-air/vmc---extracteur-d-air/vmc-double-flux
category-5396,Bouche d'aération - extracteur,https://www.centrale-brico.com/chauffage---traitement-de-l-air/vmc---extracteur-d-air/bouche-d-aeration---extracteur
category-5397,Distribution d'air - Grille d'aération,https://www.centrale-brico.com/chauffage---traitement-de-l-air/vmc---extracteur-d-air/distribution-d-air---grille-d-aeration
category-5352,Fumisterie - Tubage,https://www.centrale-brico.com/chauffage---traitement-de-l-air/fumisterie---tubage
category-5379,Kit de raccordement,https://www.centrale-brico.com/chauffage---traitement-de-l-air/fumisterie---tubage/kit-de-raccordement
category-5382,Tubage flexible,https://www.centrale-brico.com/chauffage---traitement-de-l-air/fumisterie---tubage/tubage-flexible
category-5383,Tubage rigide,https://www.centrale-brico.com/chauffage---traitement-de-l-air/fumisterie---tubage/tubage-rigide
category-5378,Distribution d'air chaud - caisson,https://www.centrale-brico.com/chauffage---traitement-de-l-air/fumisterie---tubage/distribution-d-air-chaud---caisson
category-5380,Raccordement - Accessoires,https://www.centrale-brico.com/chauffage---traitement-de-l-air/fumisterie---tubage/raccordement---accessoires
category-5381,Sortie de toit,https://www.centrale-brico.com/chauffage---traitement-de-l-air/fumisterie---tubage/sortie-de-toit
category-5351,Climatiseur - ventilateur,https://www.centrale-brico.com/chauffage---traitement-de-l-air/climatiseur---ventilateur
category-5375,Climatiseur mobile,https://www.centrale-brico.com/chauffage---traitement-de-l-air/climatiseur---ventilateur/climatiseur-mobile
category-5374,Climatiseur fixe,https://www.centrale-brico.com/chauffage---traitement-de-l-air/climatiseur---ventilateur/climatiseur-fixe
category-5377,Ventilateur,https://www.centrale-brico.com/chauffage---traitement-de-l-air/climatiseur---ventilateur/ventilateur
category-5376,Déshumidificateur,https://www.centrale-brico.com/chauffage---traitement-de-l-air/climatiseur---ventilateur/deshumidificateur
category-5347,Accessoires de Cheminée,https://www.centrale-brico.com/chauffage---traitement-de-l-air/accessoires-de-cheminee
category-5363,Range-bûches,https://www.centrale-brico.com/chauffage---traitement-de-l-air/accessoires-de-cheminee/range-buches
category-5358,Chenet,https://www.centrale-brico.com/chauffage---traitement-de-l-air/accessoires-de-cheminee/chenet
category-5359,Panier à bûches,https://www.centrale-brico.com/chauffage---traitement-de-l-air/accessoires-de-cheminee/panier-a-buches
category-5364,Réserve à granulés,https://www.centrale-brico.com/chauffage---traitement-de-l-air/accessoires-de-cheminee/reserve-a-granules
category-5360,Pare-feux,https://www.centrale-brico.com/chauffage---traitement-de-l-air/accessoires-de-cheminee/pare-feux
category-5362,Protection murale,https://www.centrale-brico.com/chauffage---traitement-de-l-air/accessoires-de-cheminee/protection-murale
category-5357,Accessoires pour foyers et poêles,https://www.centrale-brico.com/chauffage---traitement-de-l-air/accessoires-de-cheminee/accessoires-pour-foyers-et-poeles
category-5406,Aspirateur à cendres,https://www.centrale-brico.com/chauffage---traitement-de-l-air/accessoires-de-cheminee/aspirateur-a-cendres
category-5407,Chariot à bûches,https://www.centrale-brico.com/chauffage---traitement-de-l-air/accessoires-de-cheminee/chariot-a-buches
category-5408,Chenets,https://www.centrale-brico.com/chauffage---traitement-de-l-air/accessoires-de-cheminee/chenets
category-5409,Pelle à granulés et cendres,https://www.centrale-brico.com/chauffage---traitement-de-l-air/accessoires-de-cheminee/pelle-a-granules-et-cendres
category-5410,Pince et tison,https://www.centrale-brico.com/chauffage---traitement-de-l-air/accessoires-de-cheminee/pince-et-tison
category-5361,Plaque de sol,https://www.centrale-brico.com/chauffage---traitement-de-l-air/accessoires-de-cheminee/plaque-de-sol
category-5411,Plaque murale,https://www.centrale-brico.com/chauffage---traitement-de-l-air/accessoires-de-cheminee/plaque-murale
category-5412,Porte-bûches,https://www.centrale-brico.com/chauffage---traitement-de-l-air/accessoires-de-cheminee/porte-buches
category-5365,Serviteur,https://www.centrale-brico.com/chauffage---traitement-de-l-air/accessoires-de-cheminee/serviteur
category-5413,Soufflet,https://www.centrale-brico.com/chauffage---traitement-de-l-air/accessoires-de-cheminee/soufflet
category-5348,Chauffage au sol,https://www.centrale-brico.com/chauffage---traitement-de-l-air/chauffage-au-sol
category-5366,Chauffage au sol,https://www.centrale-brico.com/chauffage---traitement-de-l-air/chauffage-au-sol/chauffage-au-sol
category-5433,Radiateur à eau chaude,https://www.centrale-brico.com/chauffage---traitement-de-l-air/radiateur-a-eau-chaude
category-5434,Radiateur à eau chaude fixe,https://www.centrale-brico.com/chauffage---traitement-de-l-air/radiateur-a-eau-chaude/radiateur-a-eau-chaude-fixe
category-5044,Plomberie-Sanitaire,https://www.centrale-brico.com/plomberie-sanitaire
category-5045,Accessoires Robinetterie,https://www.centrale-brico.com/plomberie-sanitaire/accessoires-robinetterie
category-1869,Aérateur,https://www.centrale-brico.com/plomberie-sanitaire/accessoires-robinetterie/aerateur
category-1873,Flexible d'alimentation,https://www.centrale-brico.com/plomberie-sanitaire/accessoires-robinetterie/flexible-d-alimentation
category-1872,Raccord,https://www.centrale-brico.com/plomberie-sanitaire/accessoires-robinetterie/raccord
category-1871,Tête de robinet,https://www.centrale-brico.com/plomberie-sanitaire/accessoires-robinetterie/tete-de-robinet
category-1870,Brise jet - Bec,https://www.centrale-brico.com/plomberie-sanitaire/accessoires-robinetterie/brise-jet-bec
category-5047,Robinet pour Cuisine,https://www.centrale-brico.com/plomberie-sanitaire/robinet-pour-cuisine
category-1852,Mitigeur Cuisine,https://www.centrale-brico.com/plomberie-sanitaire/robinet-pour-cuisine/mitigeur-cuisine
category-5048,Raccord Cuivre Laiton,https://www.centrale-brico.com/plomberie-sanitaire/raccord-cuivre-laiton
category-1894,Raccord à visser,https://www.centrale-brico.com/plomberie-sanitaire/raccord-cuivre-laiton/raccord-a-visser
category-1896,Collier de fixation,https://www.centrale-brico.com/plomberie-sanitaire/raccord-cuivre-laiton/collier-de-fixation
category-1895,Raccord sans soudure,https://www.centrale-brico.com/plomberie-sanitaire/raccord-cuivre-laiton/raccord-sans-soudure
category-1866,Raccord cuivre à souder,https://www.centrale-brico.com/plomberie-sanitaire/raccord-cuivre-laiton/raccord-cuivre-a-souder
category-1893,Raccord laiton à souder,https://www.centrale-brico.com/plomberie-sanitaire/raccord-cuivre-laiton/raccord-laiton-a-souder
category-5049,Raccord PVC,https://www.centrale-brico.com/plomberie-sanitaire/raccord-pvc
category-1903,Support - Crochet,https://www.centrale-brico.com/plomberie-sanitaire/raccord-pvc/support-crochet
category-1900,Branchement,https://www.centrale-brico.com/plomberie-sanitaire/raccord-pvc/branchement
category-1902,Gouttière 1/2 ronde,https://www.centrale-brico.com/plomberie-sanitaire/raccord-pvc/gouttiere-12-ronde
category-1899,Té - Culotte,https://www.centrale-brico.com/plomberie-sanitaire/raccord-pvc/te-culotte
category-1904,Accessoire tube,https://www.centrale-brico.com/plomberie-sanitaire/raccord-pvc/accessoire-tube
category-1901,Regard- Equipement,https://www.centrale-brico.com/plomberie-sanitaire/raccord-pvc/regard-equipement
category-1898,Coude - Secteur,https://www.centrale-brico.com/plomberie-sanitaire/raccord-pvc/coude-secteur
category-5283,Tube d'évacuation PVC,https://www.centrale-brico.com/plomberie-sanitaire/raccord-pvc/tube-d-evacuation-pvc
category-5050,Salle de Bain,https://www.centrale-brico.com/plomberie-sanitaire/salle-de-bain
category-1853,Mitigeur salle de bain,https://www.centrale-brico.com/plomberie-sanitaire/salle-de-bain/mitigeur-salle-de-bain
category-1875,Flexible de douche,https://www.centrale-brico.com/plomberie-sanitaire/salle-de-bain/flexible-de-douche
category-1874,Douchette,https://www.centrale-brico.com/plomberie-sanitaire/salle-de-bain/douchette
category-1855,Sécurité,https://www.centrale-brico.com/plomberie-sanitaire/salle-de-bain/securite
category-1854,Accessoire de salle de bain,https://www.centrale-brico.com/plomberie-sanitaire/salle-de-bain/accessoire-de-salle-de-bain
category-1876,Barre - Support,https://www.centrale-brico.com/plomberie-sanitaire/salle-de-bain/barre-support
category-5285,Vasque,https://www.centrale-brico.com/plomberie-sanitaire/salle-de-bain/vasque
category-5284,Baignoire,https://www.centrale-brico.com/plomberie-sanitaire/salle-de-bain/baignoire
category-5309,Colonne de douche,https://www.centrale-brico.com/plomberie-sanitaire/salle-de-bain/colonne-de-douche
category-5312,Receveur de douche,https://www.centrale-brico.com/plomberie-sanitaire/salle-de-bain/receveur-de-douche
category-5314,Meuble sous lavabo,https://www.centrale-brico.com/plomberie-sanitaire/salle-de-bain/meuble-sous-lavabo
category-5052,Traitement eau et gaz,https://www.centrale-brico.com/plomberie-sanitaire/traitement-eau-et-gaz
category-1862,Robinetterie gaz,https://www.centrale-brico.com/plomberie-sanitaire/traitement-eau-et-gaz/robinetterie-gaz
category-1889,Etanchéité,https://www.centrale-brico.com/plomberie-sanitaire/traitement-eau-et-gaz/etancheite
category-1888,Joints,https://www.centrale-brico.com/plomberie-sanitaire/traitement-eau-et-gaz/joints
category-1887,Machine à laver,https://www.centrale-brico.com/plomberie-sanitaire/traitement-eau-et-gaz/machine-a-laver
category-1886,Robinetterie bâtiment,https://www.centrale-brico.com/plomberie-sanitaire/traitement-eau-et-gaz/robinetterie-batiment
category-5286,Accessoires de filtration,https://www.centrale-brico.com/plomberie-sanitaire/traitement-eau-et-gaz/accessoires-de-filtration
category-5287,Flexible d'alimentation,https://www.centrale-brico.com/plomberie-sanitaire/traitement-eau-et-gaz/flexible-d-alimentation
category-5288,Tuyau à gaz,https://www.centrale-brico.com/plomberie-sanitaire/traitement-eau-et-gaz/tuyau-a-gaz
category-5053,Vidage,https://www.centrale-brico.com/plomberie-sanitaire/vidage
category-1881,Siphon cuisine,https://www.centrale-brico.com/plomberie-sanitaire/vidage/siphon-cuisine
category-1882,Bonde cuisine,https://www.centrale-brico.com/plomberie-sanitaire/vidage/bonde-cuisine
category-1883,Accessoire vidage,https://www.centrale-brico.com/plomberie-sanitaire/vidage/accessoire-vidage
category-1884,Siphon salle de bain,https://www.centrale-brico.com/plomberie-sanitaire/vidage/siphon-salle-de-bain
category-1885,Bonde salle de bain,https://www.centrale-brico.com/plomberie-sanitaire/vidage/bonde-salle-de-bain
category-5054,WC,https://www.centrale-brico.com/plomberie-sanitaire/wc
category-1858,Pièce détachée,https://www.centrale-brico.com/plomberie-sanitaire/wc/piece-detachee
category-1857,Abattant,https://www.centrale-brico.com/plomberie-sanitaire/wc/abattant
category-1859,Réservoir,https://www.centrale-brico.com/plomberie-sanitaire/wc/reservoir
category-1860,Pipe - Sortie WC,https://www.centrale-brico.com/plomberie-sanitaire/wc/pipe-sortie-wc
category-1877,Décoration WC,https://www.centrale-brico.com/plomberie-sanitaire/wc/decoration-wc
category-1878,Mécanisme de chasse,https://www.centrale-brico.com/plomberie-sanitaire/wc/mecanisme-de-chasse
category-1879,Robinet flotteur,https://www.centrale-brico.com/plomberie-sanitaire/wc/robinet-flotteur
category-5289,WC à poser,https://www.centrale-brico.com/plomberie-sanitaire/wc/wc-a-poser
category-5324,Bâti-support WC,https://www.centrale-brico.com/plomberie-sanitaire/wc/bati-support-wc
category-5315,Urinoir,https://www.centrale-brico.com/plomberie-sanitaire/wc/urinoir
category-5325,WC suspendu,https://www.centrale-brico.com/plomberie-sanitaire/wc/wc-suspendu
category-5008,Domotique-Sécurité,https://www.centrale-brico.com/domotique-securite
category-5009,Automatisme,https://www.centrale-brico.com/domotique-securite/automatisme
category-1594,Portail,https://www.centrale-brico.com/domotique-securite/automatisme/portail
category-1597,Accessoires automatisme,https://www.centrale-brico.com/domotique-securite/automatisme/accessoires-automatisme
category-1596,Garage,https://www.centrale-brico.com/domotique-securite/automatisme/garage
category-1595,Volet-Fenêtre,https://www.centrale-brico.com/domotique-securite/automatisme/volet-fenetre
category-5432,Passerelle,https://www.centrale-brico.com/domotique-securite/automatisme/passerelle
category-5010,Protection incendie,https://www.centrale-brico.com/domotique-securite/protection-incendie
category-1639,Autres détecteurs,https://www.centrale-brico.com/domotique-securite/protection-incendie/autres-detecteurs
category-1604,Détecteur de fumée,https://www.centrale-brico.com/domotique-securite/protection-incendie/detecteur-de-fumee
category-1605,Détecteur de monoxyde,https://www.centrale-brico.com/domotique-securite/protection-incendie/detecteur-de-monoxyde
category-1606,Extincteur,https://www.centrale-brico.com/domotique-securite/protection-incendie/extincteur
category-5011,Sécurité domicile,https://www.centrale-brico.com/domotique-securite/securite-domicile
category-1602,Serrure électrique,https://www.centrale-brico.com/domotique-securite/securite-domicile/serrure-electrique
category-1601,Carillon,https://www.centrale-brico.com/domotique-securite/securite-domicile/carillon
category-1600,Interphone,https://www.centrale-brico.com/domotique-securite/securite-domicile/interphone
category-1599,Caméra-Videosurveillance,https://www.centrale-brico.com/domotique-securite/securite-domicile/camera-videosurveillance
category-1598,Système d'alarme,https://www.centrale-brico.com/domotique-securite/securite-domicile/systeme-d-alarme
category-1603,Accessoires système d'alarmes,https://www.centrale-brico.com/domotique-securite/securite-domicile/accessoires-systeme-d-alarmes
category-5322,Protection anti-inondation,https://www.centrale-brico.com/domotique-securite/securite-domicile/protection-anti-inondation
category-5027,Habitat,https://www.centrale-brico.com/habitat
category-5028,Bazar,https://www.centrale-brico.com/habitat/bazar
category-2046,Petit électro-ménager,https://www.centrale-brico.com/habitat/bazar/petit-electro-menager
category-2047,Autour du linge,https://www.centrale-brico.com/habitat/bazar/autour-du-linge
category-2048,Bougies,https://www.centrale-brico.com/habitat/bazar/bougies
category-2054,Enfants et fêtes,https://www.centrale-brico.com/habitat/bazar/enfants-et-fetes
category-5259,Tapis,https://www.centrale-brico.com/habitat/bazar/tapis
category-5274,Couverture et Plaid,https://www.centrale-brico.com/habitat/bazar/couverture-et-plaid
category-5029,Cuisine,https://www.centrale-brico.com/habitat/cuisine
category-2091,Poêle - casserole,https://www.centrale-brico.com/habitat/cuisine/poele-casserole
category-2044,Conservation,https://www.centrale-brico.com/habitat/cuisine/conservation
category-2053,Cave et chai,https://www.centrale-brico.com/habitat/cuisine/cave-et-chai
category-2003,Ciseaux de cuisine,https://www.centrale-brico.com/habitat/cuisine/ciseaux-de-cuisine
category-2004,Couteaux de cuisine,https://www.centrale-brico.com/habitat/cuisine/couteaux-de-cuisine
category-2005,Ustensile de cuisine,https://www.centrale-brico.com/habitat/cuisine/ustensile-de-cuisine
category-5320,Cuisinière,https://www.centrale-brico.com/habitat/cuisine/cuisiniere
category-5323,Evier de cuisine,https://www.centrale-brico.com/habitat/cuisine/evier-de-cuisine
category-5157,Poubelle,https://www.centrale-brico.com/habitat/cuisine/poubelle
category-5030,Loisir créatif,https://www.centrale-brico.com/habitat/loisir-creatif
category-2009,Perforation,https://www.centrale-brico.com/habitat/loisir-creatif/perforation
category-2007,Coupe-Découpe,https://www.centrale-brico.com/habitat/loisir-creatif/coupe-decoupe
category-2008,Décoration,https://www.centrale-brico.com/habitat/loisir-creatif/decoration
category-5031,Peinture,https://www.centrale-brico.com/habitat/peinture
category-2042,Aérosol,https://www.centrale-brico.com/habitat/peinture/aerosol
category-5236,Entretien du bois,https://www.centrale-brico.com/habitat/peinture/entretien-du-bois
category-5237,Lasure cire pour meubles,https://www.centrale-brico.com/habitat/peinture/lasure-cire-pour-meubles
category-2014,Peinture naturelle,https://www.centrale-brico.com/habitat/peinture/peinture-naturelle
category-2013,Peinture,https://www.centrale-brico.com/habitat/peinture/peinture
category-2011,Produits de finition bois,https://www.centrale-brico.com/habitat/peinture/produits-de-finition-bois
category-5244,Panneau de revêtement,https://www.centrale-brico.com/habitat/peinture/panneau-de-revetement
category-5275,Peinture bois,https://www.centrale-brico.com/habitat/peinture/peinture-bois
category-5276,Peinture et traitement d'étanchéité,https://www.centrale-brico.com/habitat/peinture/peinture-et-traitement-d-etancheite
category-5277,Peinture métal et antirouille,https://www.centrale-brico.com/habitat/peinture/peinture-metal-et-antirouille
category-5278,Sous-couche,https://www.centrale-brico.com/habitat/peinture/sous-couche
category-5062,Jardin,https://www.centrale-brico.com/jardin
category-5063,Arrosage-Pompage,https://www.centrale-brico.com/jardin/arrosage-pompage
category-5064,Arrosage enterré,https://www.centrale-brico.com/jardin/arrosage-pompage/arrosage-enterre
category-5066,Micro-irrigation,https://www.centrale-brico.com/jardin/arrosage-pompage/micro-irrigation
category-5195,Récupérateur d'eau,https://www.centrale-brico.com/jardin/arrosage-pompage/recuperateur-d-eau
category-5068,Programmateur d'arrosage,https://www.centrale-brico.com/jardin/arrosage-pompage/programmateur-d-arrosage
category-5201,Pistolet et lance d'arrosage,https://www.centrale-brico.com/jardin/arrosage-pompage/pistolet-et-lance-d-arrosage
category-5067,Pompe et accessoire pour pompe,https://www.centrale-brico.com/jardin/arrosage-pompage/pompe-et-accessoire-pour-pompe
category-5069,"Raccord d'arrosage, robinet et vanne",https://www.centrale-brico.com/jardin/arrosage-pompage/raccord-d-arrosage-robinet-et-vanne
category-5065,"Tuyau, enrouleur de tuyau et arroseur",https://www.centrale-brico.com/jardin/arrosage-pompage/tuyau-enrouleur-de-tuyau-et-arroseur
category-5227,Arrosage premium TORO,https://www.centrale-brico.com/jardin/arrosage-pompage/arrosage-premium-toro
category-5110,Outils à main,https://www.centrale-brico.com/jardin/outils-a-main
category-5114,"Débroussailler, tondre (gazon, herbes, etc.)",https://www.centrale-brico.com/jardin/outils-a-main/debroussailler-tondre-gazon-herbes
category-5112,"Tailler (arbres, haies, buissons, etc.)",https://www.centrale-brico.com/jardin/outils-a-main/tailler-arbres-haies-buissons
category-5113,"Entretien du jardin (déblayer, nettoyer, etc.)",https://www.centrale-brico.com/jardin/outils-a-main/entretien-du-jardin-deblayer-nettoyer
category-5115,"Scier, débiter le bois",https://www.centrale-brico.com/jardin/outils-a-main/scier-debiter-le-bois
category-5116,Planter et travailler le sol,https://www.centrale-brico.com/jardin/outils-a-main/planter-et-travailler-le-sol
category-5092,Pulvérisateur et arrosoir,https://www.centrale-brico.com/jardin/outils-a-main/pulverisateur-et-arrosoir
category-5111,Manches et entretien des outils de jardin,https://www.centrale-brico.com/jardin/outils-a-main/manches-et-entretien-des-outils-de-jardin
category-5103,Outils motorisés,https://www.centrale-brico.com/jardin/outils-motorises
category-5104,Coupe des haies,https://www.centrale-brico.com/jardin/outils-motorises/coupe-des-haies
category-5105,Coupe du bois,https://www.centrale-brico.com/jardin/outils-motorises/coupe-du-bois
category-5106,Coupe du gazon,https://www.centrale-brico.com/jardin/outils-motorises/coupe-du-gazon
category-5107,Culture-Entretien du sol,https://www.centrale-brico.com/jardin/outils-motorises/culture-entretien-du-sol
category-5108,Déchets verts-Nettoyage,https://www.centrale-brico.com/jardin/outils-motorises/dechets-verts-nettoyage
category-5109,Accessoires et consommables outils motorisés,https://www.centrale-brico.com/jardin/outils-motorises/accessoires-et-consommables-outils-motorises
category-5124,Serres-Abris-Garages,https://www.centrale-brico.com/jardin/serres-abris-garages
category-5126,Abris pour animaux,https://www.centrale-brico.com/jardin/serres-abris-garages/abris-pour-animaux
category-5130,Serre,https://www.centrale-brico.com/jardin/serres-abris-garages/serre
category-5125,"Abri, garage et carport",https://www.centrale-brico.com/jardin/serres-abris-garages/abri-garage-et-carport
category-5131,Tente et tonnelle,https://www.centrale-brico.com/jardin/serres-abris-garages/tente-et-tonnelle
category-5427,"Pergola, kiosque et marquise",https://www.centrale-brico.com/jardin/serres-abris-garages/pergola-kiosque-et-marquise
category-5094,Mobilier et Loisirs,https://www.centrale-brico.com/jardin/mobilier-et-loisirs
category-5098,Hamac et balancelle,https://www.centrale-brico.com/jardin/mobilier-et-loisirs/hamac-et-balancelle
category-5102,Jeux d'extérieur et de jardin,https://www.centrale-brico.com/jardin/mobilier-et-loisirs/jeux-d-exterieur-et-de-jardin
category-5099,Mobilier de jardin,https://www.centrale-brico.com/jardin/mobilier-et-loisirs/mobilier-de-jardin
category-5210,Parasol et voile d'ombrage,https://www.centrale-brico.com/jardin/mobilier-et-loisirs/parasol-et-voile-d-ombrage
category-5216,Rangement,https://www.centrale-brico.com/jardin/mobilier-et-loisirs/rangement
category-5436,plateau de table,https://www.centrale-brico.com/jardin/mobilier-et-loisirs/plateau-de-table
category-5117,Piscines,https://www.centrale-brico.com/jardin/piscines
category-5120,Kit Piscine,https://www.centrale-brico.com/jardin/piscines/kit-piscine
category-5119,Baignade et jeux,https://www.centrale-brico.com/jardin/piscines/baignade-et-jeux
category-5121,Liner Bâche-Chauffage,https://www.centrale-brico.com/jardin/piscines/liner-bache-chauffage
category-5118,Accessoires piscines,https://www.centrale-brico.com/jardin/piscines/accessoires-piscines
category-5122,Nettoyage piscine,https://www.centrale-brico.com/jardin/piscines/nettoyage-piscine
category-5078,"Pot, décoration et occultation",https://www.centrale-brico.com/jardin/pot-decoration-et-occultation
category-5084,"Clôture, grillage et occultation",https://www.centrale-brico.com/jardin/pot-decoration-et-occultation/cloture-grillage-et-occultation
category-5079,"Pot de fleurs, jardinière et composteur",https://www.centrale-brico.com/jardin/pot-decoration-et-occultation/pot-de-fleurs-jardiniere-et-composteur
category-5085,Chauffage extérieur et brumisateur,https://www.centrale-brico.com/jardin/pot-decoration-et-occultation/chauffage-exterieur-et-brumisateur
category-5081,Décoration de jardin,https://www.centrale-brico.com/jardin/pot-decoration-et-occultation/decoration-de-jardin
category-5083,Eclairage jardin,https://www.centrale-brico.com/jardin/pot-decoration-et-occultation/eclairage-jardin
category-5086,Jardinage-cultures,https://www.centrale-brico.com/jardin/jardinage-cultures
category-5090,Protection des cultures et des plantations,https://www.centrale-brico.com/jardin/jardinage-cultures/protection-des-cultures-et-des-plantations
category-5089,Vêtement et accessoires du jardinier,https://www.centrale-brico.com/jardin/jardinage-cultures/vetement-et-accessoires-du-jardinier
category-5093,Semences-Engrais-Epandeurs,https://www.centrale-brico.com/jardin/jardinage-cultures/semences-engrais-epandeurs
category-5070,"Barbecue, plancha et cuisine d'extérieur",https://www.centrale-brico.com/jardin/barbecue-plancha-et-cuisine-d-exterieur
category-5073,Barbecue,https://www.centrale-brico.com/jardin/barbecue-plancha-et-cuisine-d-exterieur/barbecue
category-5075,Plancha,https://www.centrale-brico.com/jardin/barbecue-plancha-et-cuisine-d-exterieur/plancha
category-5071,Ustensile et accessoire pour barbecue,https://www.centrale-brico.com/jardin/barbecue-plancha-et-cuisine-d-exterieur/ustensile-et-accessoire-pour-barbecue
category-5329,Cuisine d'extérieur,https://www.centrale-brico.com/jardin/barbecue-plancha-et-cuisine-d-exterieur/cuisine-d-exterieur
category-5186,Bonnes affaires,https://www.centrale-brico.com/bonnes-affaires
category-5188,Produits reconditionnés,https://www.centrale-brico.com/bonnes-affaires/produits-reconditionnes
category-5192,Déstockage,https://www.centrale-brico.com/bonnes-affaires/destockage
category-5193,Déstockage Bricolage,https://www.centrale-brico.com/bonnes-affaires/destockage/destockage-bricolage
category-5194,Déstockage Jardin,https://www.centrale-brico.com/bonnes-affaires/destockage/destockage-jardin
